GCC - Génie civil et construction	Département	Cursus	Ponts ParisTech														
VET - Ville Environnement Transport	Département	Cursus	Ponts ParisTech														
GMM - Génie Mécanique et Matériaux	Département	Cursus	Ponts ParisTech														
GI - Génie Industriel	Département	Cursus	Ponts ParisTech														
SEGF - Sciences Economiques, Gestion, Finance	Département	Cursus	Ponts ParisTech														
IMI - Ingénierie Mathématique et Informatique	Département	Cursus	Ponts ParisTech														
SHS - Sciences Humaines et Sociales	Département	Cursus	Ponts ParisTech														
1A	Département		Ponts ParisTech														
MMS - Mécanique des Matériaux et des Structures 	Masters	Masters Recherche	Ponts ParisTech														
SMCD - Science des Matériaux pour la Construction Durable 	Masters	Masters Recherche	Ponts ParisTech														
MSROE - Mécanique des Sols, des Roches et des Ouvrages dans leur Environnement 	Masters	Masters Recherche	GCC	Ponts ParisTech													
Energie Nucléaire 	Masters	Masters Recherche	Ponts ParisTech														
ANEDP - Analyse Numérique et Équations aux Dérivées Partielles 	Masters	Masters Recherche	Ponts ParisTech														
MAF - Mathématiques Appliquées en Finance 	Masters	Masters Recherche	Ponts ParisTech														
MVA - Mathématique, Vision, Apprentissage 	Masters	Masters Recherche	3A	IMI	Vision apprentissage	Ponts ParisTech											
SIS - Signal Image Synthèse 	Masters	Masters Recherche	Ponts ParisTech														
TM - Transport et Mobilité 	Masters	Masters Recherche	VET	Ponts ParisTech													
VISU - Villes, Services, Usages 	Masters	Masters Recherche	VET	Ponts ParisTech													
SAGE - Systèmes Aquatiques et Gestion de l’Eau 	Masters	Masters Recherche	VET	Ponts ParisTech													
OACOS - Océan, Atmosphère, Climat et Observations Spatiales 	Masters	Masters Recherche	VET	Ponts ParisTech													
APE - Analyse et Politique Économiques 	Masters	Masters Recherche	Ponts ParisTech														
EDDEE - Économie du Développement Durable, de l’Environnement et de l’Énergie 	Masters	Masters Recherche	VET	Ponts ParisTech													
PPD - Politiques Publiques et Développement	Masters	Masters Recherche	Ponts ParisTech														
Masters ENPC co-habilités : Règles d'admission et d'obtention du diplôme	Masters	Masters Recherche	Ponts ParisTech														
SGE - Science et génie de l'environnement	Masters	Masters Recherche	VET	Ponts ParisTech													
Financement de projet – Financements structurés 	Masters	Masters Pro	Ponts ParisTech														
Management et Ingénierie des Services à l'Environnement	Masters	Masters Pro	Ponts ParisTech														
GTESD - Gestion traitement des eaux des sols et des déchets	Masters	Masters Pro	Masters ParisTech	VET	Ponts ParisTech												
MVE - Mobilités et Véhicules Électriques 	Masters	Masters Pro	Ponts ParisTech														
PAPDD - Politiques et actions publiques pour le développement durable 	Masters	Masters Spé	Ponts ParisTech														
AMUR - Aménagement et Maîtrise d’ouvrage URbaine 	Masters	Masters Spé	VET	Ponts ParisTech													
GCE - Génie Civil Européen 	Masters	Masters Spé	GCC	Ponts ParisTech													
GCGOE - Génie Civil des Grands Ouvrages pour l'Énergie 	Masters	Masters Spé	GCC	Ponts ParisTech													
IBE - Immobilier, Bâtiment, Énergie 	Masters	Masters Spé	Ponts ParisTech														
COSCG - Conception et optimisation des supply chain globales 	Masters	Masters Spé	Ponts ParisTech														
STFU - Systèmes de transports ferroviaires et urbains 	Masters	Masters Spé	VET	Ponts ParisTech													
IVE - Ingénierie des Véhicules Électriques 	Masters	Masters Spé	Ponts ParisTech														
URBANTIC - Génie urbain et technologies de l'Information	Masters	Masters Spé	Ponts ParisTech														
ISML - Ingénierie et Management des Systemes Logistiques 	Masters	Masters Spé	Ponts ParisTech														
TRADD - Transport et Développement Durable	Masters	Masters ParisTech	Masters Pro	VET	Ponts ParisTech												
Projet scientifique	1A 	projet	Ponts ParisTech														
Projet long	1A 	projet	Ponts ParisTech														
Un monde chaotique	1A 	Ponts ParisTech															
Probabilités et statistiques	1A 	Ponts ParisTech															
Physique statistique	1A 	Ponts ParisTech															
Mécanique  	1A 	Ponts ParisTech															
Ateliers design	1A 	Ponts ParisTech															
Info: algorithmes et programmation	1A 	Ponts ParisTech															
Stage ouvrier	1A 	Ponts ParisTech															
Calcul scientifique	1A 	Ponts ParisTech															
Analyse	1A 	Ponts ParisTech															
Physique	1A 	Ponts ParisTech															
Traitement du signal	1A 	Ponts ParisTech															
Modélisation et gestion durable des ressources naturelles	1A 	Ponts ParisTech															
Ecologie	1A 	Ponts ParisTech															
Dynamique des systèmes non linéaires	1A 	Ponts ParisTech															
Mécanique quantique	1A 	électif	Ponts ParisTech														
Séminaire Département GCC	2A	GCC	semaine d'ouverture	O3	semaine d'ouverture GCC	Ponts ParisTech											
Géodésie et positionnement précis	2A	GCC	semaine d'ouverture	O3	FCI	Ponts ParisTech											
Introduction aux matériaux de construction	2A	GCC	semaine d'ouverture	O3	Ponts ParisTech												
Durabilité des bétons	2A	GCC	Ponts ParisTech														
Accessibilité 	2A	GCC	Ponts ParisTech														
Le risque dans tous ses états	2A	GCC	O3	FCI	Tronc commun GCC	semaine d'ouverture	VET	semaine d'ouverture VET	GMM	semaine d'ouverture GMM	O2	GI	semaine d'ouverture GI	IMI	semaine d'ouverture IMI		Ponts ParisTech
Gestion d'entreprise	2A	GCC	O3	FCI	Tronc commun 	Ponts ParisTech											
Statistiques	2A	GCC	S3	FCI	Tronc commun 	Ponts ParisTech											
Initiation au droit	2A	GCC	S3	FCI	Tronc commun 	droit	Ponts ParisTech										
Module SHS au choix	2A	GCC	SHS	S3	S4	Tronc commun 	Ponts ParisTech										
Mécanique des sols et des roches	2A	GCC	S3	Obligatoire GCC	FCI	Ponts ParisTech											
Mécanique des structures	2A	GCC	S3	Obligatoire GCC	FCI	GMM	Obligatoire GMM	Ponts ParisTech									
Mécanique des fluides	2A	GCC	S3	Obligatoire GCC	FCI	VET 	Environnement	Parcours environnement	électifs transport	Ponts ParisTech							
Calcul et comportement des matériaux	2A	GCC	S3	Obligatoire GCC	FCI électif	Ponts ParisTech											
Projet	2A	GCC	S3	Obligatoire GCC	FCI	Projet	Ponts ParisTech										
Plasticité et Calcul à la rupture	2A	GCC	S4	Obligatoire GCC	FCI	Ponts ParisTech											
Construction des ouvrages de génie civil	2A	GCC	S4	Obligatoire GCC	FCI électif	Ponts ParisTech											
Dynamique des structures / ouvrages	2A	GCC	S4	Obligatoire GCC	FCI	Ponts ParisTech											
Conception des structures	2A	GCC	S4	choix GCC	FCI	Ponts ParisTech											
Conception des ouvrages géotechniques	2A	GCC	S4	choix GCC	FCI	Ponts ParisTech											
Travaux maritimes	2A	GCC	S4	choix GCC	FCI	Ponts ParisTech											
Energétique des bâtiments	2A	GCC	S4	choix GCC	FCI	VET	Aménagement	Parcours Aménagement	Approfondissement	Approfondissement Aménagement	Environnement	Approfondissement environnement	Ponts ParisTech				
Calcul des structures avec Pythagore	2A	GCC	S3	électifs 	3A	FCI électif	électifs GCC	Ponts ParisTech									
Approfondissement supplémentaire	2A	GCC	S4	électifs 	électifs GCC	Ponts ParisTech											
Management de projet de construction	2A	GCC	S4	électifs 	FCI électif	électifs GCC	Ponts ParisTech										
Conception d'une arche	3A	GCC	O5	semaine d'ouverture GCC	FCI	semaine d'ouverture	Ponts ParisTech										
Construire le courbe	3A	GCC	O5	semaine d'ouverture GCC	FCI	semaine d'ouverture	Ponts ParisTech										
Bétons, matériaux innovants	3A	GCC	O5	semaine d'ouverture GCC	FCI	semaine d'ouverture	Ponts ParisTech										
Constuire le vide	3A	GCC	O5	semaine d'ouverture GCC	semaine d'ouverture	Ponts ParisTech											
Réhabilitation et rénovation des bâtiments	3A	GCC	O5	semaine d'ouverture GCC	VET	semaine d'ouverture	semaine d'ouverture VET	Ponts ParisTech									
Projet par équipes : barrage, pont, route	3A	GCC	S5	Projet	Ponts ParisTech												
Béton armé et précontraint	3A	GCC	S5	Matériaux	FCI électif	GCE	Ponts ParisTech										
Constructions métalliques	3A	GCC	S5	Matériaux	FCI électif	Ponts ParisTech											
Chemin de fer	3A	GCC	S5	Conception	FCI électif	VET	électifs transport	Ponts ParisTech									
Conception des ouvrages à risques particuliers	3A	GCC	S5	Conception	FCI électif	Ponts ParisTech											
Conception des ouvrages souterrains	3A	GCC	S5	Conception	FCI électif	Ponts ParisTech											
Conception des routes	3A	GCC	S5	Conception	FCI électif	Ponts ParisTech											
Conception et construction des ponts	3A	GCC	S5	Conception	FCI électif	Ponts ParisTech											
Infrastructutres aéroportuaires	3A	GCC	S5	Conception	FCI électif	VET	électifs transport	Ponts ParisTech									
Dynamique avancée des constructions	3A	GCC	S5	Avancé	FCI électif	Ponts ParisTech											
Conception des structures avancée	3A	GCC	S5	Avancé	FCI électif	Ponts ParisTech											
Energétique des bâtiments avancée	3A	GCC	S5	Avancé	FCI électif	Ponts ParisTech											
Pratique du matériau béton	3A	GCC	électifs	FCI électif	électifs GCC	Ponts ParisTech											
Droit européen des marchés publics et contrats de concession	3A	GCC	électifs	FCI électif	électifs GCC	droit	Ponts ParisTech										
Evaluation économique, sociale et environnementale de projet	3A	GCC	électifs	FCI électif	électifs GCC	Ponts ParisTech											
Physique des incendies pour l'ingénieur	3A	GCC	électifs	FCI électif	électifs GCC	Ponts ParisTech											
Calcul des structures	3A	GCC	électifs	FCI électif	électifs GCC	Ponts ParisTech											
Modélisation par éléments finis	3A	GCC	électifs	FCI électif	électifs GCC	GCE	Ponts ParisTech										
Conception des structures de bâtiments en béton	3A	GCC	électifs	FCI électif	électifs GCC	Ponts ParisTech											
Module de conception supplémentaire	3A	GCC	électifs	électifs GCC	Ponts ParisTech												
Module de matériaux supplémentaire	3A	GCC	électifs	électifs GCC	Ponts ParisTech												
Module avancé supplémentaire	3A	GCC	électifs	électifs GCC	Ponts ParisTech												
Projet d'architecture	3A	GCC	FCI électif	Projet	Ponts ParisTech												
Projet 3A (pont-barrage, port, route)	3A	GCC	FCI électif	Projet	Ponts ParisTech												
Conception des ouvrages de génie civil	3A	GCC	FCI électif	Ponts ParisTech													
Construction des ouvrages de génie civil	3A	GCC	FCI électif	Ponts ParisTech													
Maintenance, pathologie et réparation des ouvrages	3A	GCC	FCI électif	Ponts ParisTech													
Approfondissement secondaire	3A	GCC	FCI électif	Ponts ParisTech													
Aménagement	Parcours	VET	Ponts ParisTech														
Environnement	Parcours	VET	Ponts ParisTech														
Transport	Parcours	VET	Ponts ParisTech														
Enjeux et métiers liés aux Transports, à l'Urbanisme et à l'Environnement - Voyage	2A	VET	semaine d'ouverture	semaine d'ouverture VET	O2	Ponts ParisTech											
Enjeux et métiers liés à l'aménagement et à l'environnement	2A	VET	semaine d'ouverture	semaine d'ouverture VET	O2	Ponts ParisTech											
Semaine Transport	2A	VET	semaine d'ouverture	semaine d'ouverture VET	O4	Ponts ParisTech											
Energie: enjeux, réductions et modification de la consommation	2A	VET	Socle VET	Tronc commun VET	S3	Aménagement	Parcours Aménagement	Environnement	Parcours Environnement	Transport	Parcours Transport	Ponts ParisTech					
EGEDD - Enjeux Globaux de l'Environnement et Développement Durable	2A	VET	Socle VET	Tronc commun VET	S3	Aménagement	Parcours Aménagement	Environnement	Parcours Environnement	Transport	Parcours Transport	Ponts ParisTech					
Politiques territoriales et finances locales	2A	VET	Socle VET	Tronc commun VET	S4	Aménagement	Parcours Aménagement	Environnement	Parcours Environnement	Transport	Parcours Transport	Ponts ParisTech					
Séminaire VET	2A	VET	Socle VET	Tronc commun VET	S4	Aménagement	Parcours Aménagement	Environnement	Parcours Environnement	Transport	Parcours Transport	Ponts ParisTech					
Méthodes d'analyse des systèmes territoriaux	2A	VET	Aménagement	Parcours aménagement	S3	Transport	Parcours transport	Ponts ParisTech									
Economie de l'aménagement	2A	VET	Aménagement	Parcours aménagement	S3	AMUR	Ponts ParisTech										
Droit de l'urbanisme	2A	VET	Aménagement	Parcours aménagement	S3	droit	Ponts ParisTech										
Econométrie des choix discrets	2A	VET	Aménagement	Parcours aménagement	S4	Transport	Parcours transport	Ponts ParisTech									
Aménagement	2A	VET	Aménagement	Parcours aménagement	S4	électifs transport	Ponts ParisTech										
Transport et usage des sols en milieu urbain et régional	2A	VET	Aménagement	Parcours aménagement	Approfondissement	Approfondissement Aménagement	Transport	Parcours transport	Approfondissement	Approfondissement Transport	Ponts ParisTech						
Fret et transport de marchandises	2A	VET	Aménagement	Parcours aménagement	Approfondissement	Approfondissement Aménagement	Transport	Parcours transport	Approfondissement	Approfondissement Transport	Ponts ParisTech						
European water ans sanitation services vs sustainable development	2A	VET	ATHENS	électifs	électifs VET	électifs Aménagement	S3	électifs environnement	Ponts ParisTech								
Analyse et conception de systèmes de transport	2A	VET	électifs	électifs VET	électifs Aménagement	S3	Transport	Parcours transport	Ponts ParisTech								
Ingénierie du trafic	2A	VET	électifs	électifs VET	électifs Aménagement	S3	3A	Transport	Parcours transport	Ponts ParisTech							
Introduction histoire et théorie de l'architecture	2A	VET	électifs	électifs VET	électifs Aménagement	S3	3A	Ponts ParisTech									
Mécanique des sols et des roches	2A	VET	électifs	électifs VET	électifs Aménagement	S3	électifs environnement	Ponts ParisTech									
Projet urbain et territorial	2A	VET	électifs	électifs VET	électifs Aménagement	S3	électifs transport	Projet	Ponts ParisTech								
Economie de l'immobilier	2A	VET	électifs	électifs VET	électifs Aménagement	S3	3A	SEGF 	choix SEGF	Ponts ParisTech							
Hydrologie	2A	VET	électifs	électifs VET	électifs Aménagement	S3	Environnement	Parcours environnement	Ponts ParisTech								
Villes et métropolisation	2A	VET	électifs	électifs VET	électifs Aménagement	S4	3A	Ponts ParisTech									
Déchets et sites pollués	2A	VET	électifs	électifs VET	électifs Aménagement	S4	électifs environnement	Ponts ParisTech									
Gestion de la ressource en eau	2A	VET	électifs	électifs VET	électifs Aménagement	S4	électifs environnement	Ponts ParisTech									
Prévention et gestion des risques naturels et environnementaux	2A	VET	électifs	électifs VET	électifs Aménagement	S4	Environnement	Parcours environnement	Ponts ParisTech								
Environnement atmosphérique et qualité de l'air	2A	VET	électifs	électifs VET	électifs Aménagement	S4	Environnement	Parcours environnement	électifs transport	Ponts ParisTech							
 Mécanismes physiques du changement climatique	2A	VET	électifs	électifs VET	électifs Aménagement	S4	électifs environnement	GMM	électifs GMM	Ponts ParisTech							
Action foncière et territoire	3A	VET	électifs	électifs VET	électifs Aménagement	S5	AMUR	Ponts ParisTech									
Histoire de la construction	3A	VET	électifs	électifs VET	électifs Aménagement	S3	Ponts ParisTech										
Bilan Carbone et Analyse Cycle de Vie	3A	VET	Semaine d'ouverture	Semaine d'ouverture VET	Semaine d'ouverture IMI	IMI	O3	Ponts ParisTech									
Projet Aménagement, Transport, Environnement	3A	VET	Aménagement	Parcours aménagement	S5	Environnement	Parcours environnement	Projet	Ponts ParisTech								
Hydrologie urbaine	3A	VET	électifs	électifs VET	électifs Aménagement	S5	électifs environnement	Ponts ParisTech									
Espaces urbains et pratiques sociales	3A	VET	électifs	électifs VET	électifs Aménagement	S5	AMUR	Ponts ParisTech									
Activité économique et territoires	3A	VET	électifs	électifs VET	électifs Aménagement	S5	AMUR	Ponts ParisTech									
Organisation et management des transports urbains	3A	VET	électifs	électifs VET	électifs Aménagement	S5	électifs transport	Ponts ParisTech									
Economie de l'environnement et de l'énergie	2A	VET	Environnement	Parcours environnement	S3	SEGF	choix SEGF	3A	électifs	électifs IMI	Ponts ParisTech						
Environnement, eau et météorologie	2A	VET	Environnement	Parcours environnement	Approfondissement	Approfondissement environnement	S4	Ponts ParisTech									
Politiques et techniques de l'eau	2A	VET	électifs	électifs VET	électifs environnement	S3	électifs transport	Ponts ParisTech									
Atelier changement climatique	2A	VET	électifs	électifs VET	électifs environnement	S4	électifs transport	Ponts ParisTech									
Développement durable et territoire	2A	VET	électifs	électifs VET	électifs environnement	S4	électifs transport	Ponts ParisTech									
Introduction à l'assimilation des données	3A	VET	électifs	électifs VET	électifs environnement	S5	Ponts ParisTech										
Eau et assainissement dans les PED	3A	VET	électifs	électifs VET	électifs environnement	S5	Ponts ParisTech										
Economie des transports	2A	VET	Transport	Parcours Transport	S4	SEGF	choix SEGF	S5	TRADD	Ponts ParisTech							
Crash analysis	2A	GMM	ATHENS	électifs transport	S3	Ponts ParisTech											
Exploitation des transports ferroviaires et guidés	2A	VET	électifs	électifs VET	électifs transport	S4	Ponts ParisTech										
Acoustique	2A	VET	électifs	électifs VET	électifs transport	S4	GMM	choix GMM	Ponts ParisTech								
Sécurité des transports	3A	VET	électifs	électifs VET	électifs transport	S5	Ponts ParisTech										
Routes	3A	VET	électifs	électifs VET	électifs transport	S5	Ponts ParisTech										
Systèmes de transport de marchandises	3A	VET	électifs	électifs VET	électifs transport	S5	Ponts ParisTech										
Transports maritimes et fluvial	3A	VET	électifs	électifs VET	électifs transport	S5	Ponts ParisTech										
Conception et exploitation des systèmes logistiques et des transport	3A	VET	électifs	électifs VET	électifs transport	S5	Ponts ParisTech										
Semaine conception	2A	GMM	semaine d'ouverture	semaine d'ouverture GMM	O2	Ponts ParisTech											
Mécanique physique des matériaux	2A	GMM	Obligatoire GMM	S3	Ponts ParisTech												
Mécanique des fluides incompressibles 2	2A	GMM	Ponts ParisTech														
Mécanique des fluides incompressibles 1	2A	GMM	Obligatoire GMM	S3	Ponts ParisTech												
CFAO avec Catia	2A	GMM	Obligatoire GMM	S3	Ponts ParisTech												
Calcul des structures avec Abaqus	2A	GMM	Obligatoire GMM	S3	Ponts ParisTech												
Evaluation environnementale et conception	2A	GMM	Obligatoire GMM	S4	Ponts ParisTech												
Aérodynamique et transferts thermiques	2A	GMM	Obligatoire GMM	S4	Ponts ParisTech												
Projet GMM	2A	GMM	Obligatoire GMM	S4	Projet	Ponts ParisTech											
Mise en forme des matériaux	2A	GMM	choix GMM	S4	Ponts ParisTech												
Dynamique des structures/Dynamique et stabilité dans l'industrie	2A	GMM	choix GMM	S4	Ponts ParisTech												
Matériaux et structures hétérogènes	2A	GMM	choix GMM	S4	Ponts ParisTech												
Matériaux composites	2A	GMM	électifs	électifs GMM	S3	Ponts ParisTech											
Conception d'une structure volante	2A	GMM	électifs	électifs GMM	S3	Ponts ParisTech											
Conception automobile	2A	GMM	électifs	électifs GMM	S3	Ponts ParisTech											
Mécanique des fluides numérique avec Saturne	2A	GMM	électifs	électifs GMM	S3	Ponts ParisTech											
Coques et structures avancées	2A	GMM	électifs	électifs GMM	S4	Ponts ParisTech											
Polyèmes	2A	GMM	électifs	électifs GMM	S4	Ponts ParisTech											
Céramiques	2A	GMM	électifs	électifs GMM	S4	Ponts ParisTech											
Nanomatériaux	2A	GMM	électifs	électifs GMM	S4	Ponts ParisTech											
Conception des structures industrielles en métal	2A	GMM	électifs	électifs GMM	S4	Ponts ParisTech											
Simulation moléculaire	2A	GMM	électifs	électifs GMM	S4	Ponts ParisTech											
Imagerie des matériaux	2A	GMM	électifs	électifs GMM	S4	Ponts ParisTech											
Métaux	2A	GMM	électifs	électifs GMM	S4	Ponts ParisTech											
Simulation des systèmes industriels	2A	GI	semaine d'ouverture	semaine d'ouverture GI	O2	Ponts ParisTech											
Voyage GI	2A	GI	semaine d'ouverture	semaine d'ouverture GI	O2	Ponts ParisTech											
Projet   Mélusine 	2A	GI	Obligatoire GI	Projet	S3	Ponts ParisTech											
Métiers de l'industrie	2A	GI	Obligatoire GI	S3	Ponts ParisTech												
Planification et modélistion des systèmes de production	2A	GI	Obligatoire GI	S3	Ponts ParisTech												
Projet innovateur / scientifique	2A	GI	Obligatoire GI	Projet	S4	Ponts ParisTech											
Eco Boot camp	2A	GI	choix GI	S3	Ponts ParisTech												
Protection de l'innovation	2A	GI	choix GI	S3	Ponts ParisTech												
Ingénierie des infrastructures logistiques	2A	GI	choix GI	S4	Ponts ParisTech												
Supply Chain Management	2A	GI	choix GI	S4	Ponts ParisTech												
Gestion de projet	2A	GI	choix GI	S3	3A	électifs	électfis IMI	Ponts ParisTech									
Recherche opérationnelle	2A	GI	choix GI	S3	IMI	choix IMI	Ponts ParisTech										
Achats	2A	GI	choix GI	S4	Ponts ParisTech												
Design industriel	2A	GI	choix GI	S4	Ponts ParisTech												
Gestion des risques	2A	GI	choix GI	S4	Ponts ParisTech												
Marketing et produits nouveaux	2A	GI	choix GI	S4	Ponts ParisTech												
Stratégie de l'entreprise	2A	GI	choix GI	S4	Ponts ParisTech												
Economie	Option	Filière	SEGF	Ponts ParisTech													
Finance	option	Filière	SEGF	Ponts ParisTech													
Econométrie et applications	2A	SEGF	Obligatoire SEGF	S3	option économie	filière économie	économie	option finance	filière finance	finance	Ponts ParisTech						
Théorie de la décision et théorie des jeux	2A	SEGF	Obligatoire SEGF	S3	option économie	filière économie	économie	option finance	filière finance	finance	Ponts ParisTech						
Concurrence et marchés	2A	SEGF	Obligatoire SEGF	S4	option économie	filière économie	économie	option finance	filière finance	finance	Ponts ParisTech						
Politique économique internationale	2A	SEGF	Obligatoire SEGF	S4	option économie	filière économie	économie	option finance	filière finance	finance	Ponts ParisTech						
Projet SEGF	2A	SEGF	Obligatoire SEGF	S4	option économie	filière économie	économie	option finance	filière finance	finance	Ponts ParisTech						
Macroéconomie	2A	SEGF	Obligatoire SEGF	S3	option économie	filière économie	économie	Ponts ParisTech									
Théories de la croissance et du développement	2A	SEGF	Obligatoire SEGF	S4	option économie	filière économie	économie	Ponts ParisTech									
Economie publique	2A	SEGF	choix SEGF	S3	option économie	filière économie	économie	Ponts ParisTech									
Economie comportementale et expérimentale	2A	SEGF	choix SEGF	S4	option économie	filière économie	économie	Ponts ParisTech									
Eau dans les pays en développement	2A	SEGF	choix SEGF	S3	option économie	filière économie	économie	Ponts ParisTech									
Economie géographique	2A	SEGF	choix SEGF	S4	option économie	filière économie	économie	Ponts ParisTech									
Statégie financière d'entreprise	2A	SEGF	Obligatoire SEGF	S3	option finance	filière finance	finance	IMI	choix IMI	Ponts ParisTech							
Structuration des financements	2A	SEGF	Obligatoire SEGF	S4	option finance	filière finance	finance	Ponts ParisTech									
Outils probabilistes pour la finance	2A	SEGF	Obligatoire SEGF	S3	option finance	filière finance	finance	Ponts ParisTech									
Finance: aspects mathématiques et numériques	2A	SEGF	Obligatoire SEGF	S4	option finance	filière finance	finance	Ponts ParisTech									
Financial Markets Workshop (MBA)	2A	SEGF	choix SEGF	S1	option finance	filière finance	finance	MBA	Ponts ParisTech								
Séminaire Création d'entreprises innovantes	2A	SEGF	choix SEGF	S2	option finance	filière finance	finance	Ponts ParisTech									
Mergers and Acquisitions (MBA)	2A	SEGF	choix SEGF	S1	option finance	filière finance	finance	MBA	Ponts ParisTech								
Droit de l'entreprise	2A	SEGF	choix SEGF	S2	option finance	filière finance	finance	droit	Ponts ParisTech								
Economie comportementale et expérimentale	2A	SEGF	choix SEGF	S2	option finance	filière finance	finance	Ponts ParisTech									
Finances quantitatives	IMI	option	filière	cursus	Ponts ParisTech												
Analyse numérique	IMI	option	filière	cursus	Ponts ParisTech												
Vision d'apprentissage	IMI	option	filière	cursus	Ponts ParisTech												
Optimisation	IMI	option	filière	cursus	Ponts ParisTech												
Voyage IMI	2A	IMI	semaine d'ouverture	semaine d'ouverture IMI	O2	finances quantitatives	analyse numérique	vision d'apprentissage	optimisation	Ponts ParisTech							
Finance, Risque, Connaissance: les challenges du futur	2A	IMI	semaine d'ouverture	semaine d'ouverture IMI	O2	finances quantitatives	analyse numérique	vision d'apprentissage	optimisation	Ponts ParisTech							
Modéliser, Programmer, Simuler	2A	IMI	Obligatoire IMI	S3	finances quantitatives	obligatoire finances 	analyse numérique	obligatoire analyse	vision d'apprentissage	obligatoire vision	optimisation	obligatoire optimisation	Ponts ParisTech				
Projet IMI	2A	IMI	Obligatoire IMI	S4	finances quantitatives	obligatoire finances 	analyse numérique	obligatoire analyse	projet	vision d'apprentissage	obligatoire vision	optimisation	obligatoire optimisation	Ponts ParisTech			
Mathématiques pour l'image	2A	IMI	choix IMI	S3	finances quantitatives	choix finances	analyse numérique	choix analyse	vision d'apprentissage	obligatoire	optimisation	Ponts ParisTech					
Techniques de développement logiciel	2A	IMI	choix IMI	S3	finances quantitatives	choix finances	analyse numérique	choix analyse	vision d'apprentissage	optimisation 	choix	Ponts ParisTech					
Analyse spectrale	2A	IMI	choix IMI	S3	finances quantitatives	obligatoire finances	analyse numérique	obligatoire analyse	optimisation	obligatoire	choix	Ponts ParisTech					
Théorie des jeux	2A	IMI	choix IMI	S3	optimisation	obligatoire finances	Ponts ParisTech										
Modéliser l'aléa	2A	IMI	choix IMI	S4	finances quantitatives	obligatoire finances	analyse numérique	choix analyse	vision d'apprentissage	choix	optimisation	obligatoire	Ponts ParisTech				
Maillages et applications	2A	IMI	choix IMI	S4	finances quantitatives	choix finances	analyse numérique	obligatoire analyse	vision d'apprentissage	obligatoire	optimisation	choix	Ponts ParisTech				
Mathématiques des modèles multi-échelles	2A	IMI	choix IMI	S4	finances quantitatives		analyse numérique	obligatoire analyse	vision d'apprentissage	choix	optimisation	obligatoire	Ponts ParisTech				
Finance: Aspects Mathématiques et Numériques	2A	IMI	choix IMI	S4	finances quantitatives	obligatoire finances	analyse numérique	choix analyse	vision d'apprentissage	choix	optimisation	obligatoire	Ponts ParisTech				
Machine learning et applications	2A	IMI	choix IMI	S4	finances quantitatives	choix finances	analyse numérique	obligatoire analyse	vision d'apprentissage	obligatoire	optimisation	choix	Ponts ParisTech				
Optimisation et contrôle	2A	IMI	choix IMI	S4	finances quantitatives	obligatoire finances	analyse numérique	obligatoire analyse	vision d'apprentissage	choix	optimisation	obligatoire	Ponts ParisTech				
Finances quantitatives	3A	IMI	semaine d'ouverture	semaine d'ouverture IMI	O3	Ponts ParisTech											
Méthodes déterministes en Finances	3A	IMI	électifs	électifs IMI	S5	Ponts ParisTech											
Méthodes de Monte Carlo en Finance	3A	IMI	électifs	électifs IMI	S5	Ponts ParisTech											
Modèles de taux d'intérêt	3A	IMI	électifs	électifs IMI	S5	Ponts ParisTech											
Risque de défaut risque de crédit	3A	IMI	électifs	électifs IMI	S5	Ponts ParisTech											
Mesure de risques en Finances	3A	IMI	électifs	électifs IMI	S5	Ponts ParisTech											
Processus aléatoires avec sauts et applications en Finance	3A	IMI	électifs	électifs IMI	S5	Ponts ParisTech											
IPPEX - immersion professionnelle en poste d'exécutant	1A	SHS	Ponts ParisTech														
Communicatio: séminaire d'initiation	1A	SHS	Ponts ParisTech														
Sciences, techniques, controverses	1A	SHS	Ponts ParisTech														
Rapport d'expérience humaine	1A	SHS	Ponts ParisTech														
droit: initiation	2A	SHS	S3	Ponts ParisTech													
le pouvoir des chiffres	2A	SHS	S3	Ponts ParisTech													
enjeux et méthodes de l'interculturel	2A	SHS	S3	Ponts ParisTech													
histoire, sciences et sociétés	2A	SHS	S3	Ponts ParisTech													
villes, territoires et technologies XIX-Xxe siècle	2A	SHS	S3	Ponts ParisTech													
atelier entrepreneuriat	2A	SHS	S4	Ponts ParisTech													
littérature, discrous et sociétés	2A	SHS	S4	Ponts ParisTech													
initiation à la socio-anthropologie	2A	SHS	S4	Ponts ParisTech													
philosophie politique	2A	SHS	S4	Ponts ParisTech													
sciences et techniques: approches esthétiques	2A	SHS	S4	Ponts ParisTech													
techniques et démocratie	2A	SHS	S4	Ponts ParisTech													
Changement climatique	TRADD	S5	Ponts ParisTech														
Impacts des transports: éléments d'analyse	TRADD	S5	Ponts ParisTech														
Transports durables pour les PED	TRADD	S6	Ponts ParisTech														
Le développement durable: jeu d'acteurs et enjeu d'action collective	TRADD	S5	Ponts ParisTech														
Gouvernance d'entreprise et développement durable	TRADD	S6	Ponts ParisTech														
Défis et définitions des mobilités durables	TRADD	S5	Ponts ParisTech														
Histoire des transports et des technologies	TRADD	S6	Ponts ParisTech														
Ingénierie des véhicules respectueux de l'environnement 1	TRADD	S6	Ponts ParisTech														
Ingénierie des véhicules respectueux de l'environnement 2	TRADD	S6	Ponts ParisTech														
choix des infrastructures de transport et durabilité	TRADD	S6	Ponts ParisTech														
Economie de l'environnement	TRADD	S5	Ponts ParisTech														
Supply Chain verte	TRADD	S6	Ponts ParisTech														
durabilité des choix d'investissement dans les transports urbains	TRADD	S6	Ponts ParisTech														
Aménager la grande dimension	AMUR	Ponts ParisTech															
Atelier international Métropoles asiatiques	AMUR	Ponts ParisTech															
atelier métropolitain	AMUR	Ponts ParisTech															
communication de projet	AMUR	Ponts ParisTech															
Droit de l'urbanisme - 1 	AMUR	Ponts ParisTech															
Droit de l'urbanisme - 2	AMUR	Ponts ParisTech															
L'action publique et l'urbain 	AMUR	Ponts ParisTech															
Métropoles, infrastructures et pôles d'échanges	AMUR	Ponts ParisTech															
Projet d'ouvrage d'art	GCE	Ponts ParisTech															
Adéquation matériaux / structures 	GCGOE	Ponts ParisTech															
Barrages 	GCGOE	Ponts ParisTech															
Calcul de structures par éléments finis 	GCGOE	Ponts ParisTech															
Centrale nucléaire 	GCGOE	Ponts ParisTech															
Comportement des matériaux et géo matériaux 	GCGOE	Ponts ParisTech															
Du modèle 3D au plan d'exécution 	GCGOE	Ponts ParisTech															
Dynamique spécialisée pour ouvrages énergétiques 	GCGOE	Ponts ParisTech															
Géotechnique avancée 	GCGOE	Ponts ParisTech															
Energies renouvelables 	GCGOE	Ponts ParisTech															
Maintenance des ouvrages énergétiques 	GCGOE	Ponts ParisTech															
Modélisation des incertitudes et fiabilité des structures 	GCGOE	Ponts ParisTech															
Organisation et management de projets de GC complexes 	GCGOE	Ponts ParisTech															
Outils de conception / CFAO 	GCGOE	Ponts ParisTech															
Pilotage de l'exploitation et de la maintenance 	GCGOE	Ponts ParisTech															
Procédés généraux de construction	GCGOE	Ponts ParisTech															
Structures offshore	GCGOE	Ponts ParisTech															
Comportements et usages	IBE	Ponts ParisTech															
Conception architecturale, technique et économique 	IBE	Ponts ParisTech															
Enjeux planétaires, politiques, réglementations	IBE	Ponts ParisTech															
Financement de l'immobilier durable 	IBE	Ponts ParisTech															
Immobilier, bâtiment, quartier et ville durable 	IBE	Ponts ParisTech															
Management de projet et énergie 	IBE	Ponts ParisTech															
Programmation	IBE	Ponts ParisTech															
Solutions techniques 	IBE	Ponts ParisTech															
Stratégie et gestion durable de patrimoine 	IBE	Ponts ParisTech															
Voyage d'étude : retours d'expérience en Europe	IBE	Ponts ParisTech															
Aide à la décision et optimisation en supply chain management 	COSCG	Ponts ParisTech															
Commerce international : dimensions interculturelles et légales	COSCG	Ponts ParisTech															
Décision d’investissement et de financement	COSCG	Ponts ParisTech															
Designing the supply chain management 	COSCG	Ponts ParisTech															
Distribution et gestion des infrastructures logistiques 	COSCG	Ponts ParisTech															
Gestion des ressources humaines	COSCG	Ponts ParisTech															
Global supply chain management	COSCG	Ponts ParisTech															
Information technology for logistics & Simulation des flux industriels et logistiques	COSCG	Ponts ParisTech															
Lean management & total quality management and logistics 	COSCG	Ponts ParisTech															
Logistics and project management 	COSCG	Ponts ParisTech															
Management et contrôle de gestion 	COSCG	Ponts ParisTech															
Marketing & service clients	COSCG	Ponts ParisTech															
Prévisions et gestion de la demande 	COSCG	Ponts ParisTech															
Principes comptables et analyse financière	COSCG	Ponts ParisTech															
Purchasing management and global sourcing 	COSCG	Ponts ParisTech															
Simulation en logistique 	COSCG	Ponts ParisTech															
Stratégie d’entreprise 	COSCG	Ponts ParisTech															
Systèmes d’information en supply chain management	COSCG	Ponts ParisTech															
Systèmes de production industrielle 	COSCG	Ponts ParisTech															
Systèmes de transport	COSCG	Ponts ParisTech															
Action publique concertée 	PAPDD	Ponts ParisTech															
Actualités économiques sur l’énergie et l’environnement 	PAPDD	Ponts ParisTech															
Analyse et évaluation des politiques publiques 	PAPDD	Ponts ParisTech															
Crise et risques 	PAPDD	Ponts ParisTech															
Dynamique des populations 	PAPDD	Ponts ParisTech															
Economie de la régulation 	PAPDD	Ponts ParisTech															
Economie politique du logement 	PAPDD	Ponts ParisTech															
Economie publique 	PAPDD	Ponts ParisTech															
Finances publiques locales 	PAPDD	Ponts ParisTech															
Grands problèmes de finances publiques 	PAPDD	Ponts ParisTech															
Sociologie des interactions administration/société 	PAPDD	Ponts ParisTech															
Sociologie des mondes ruraux 	PAPDD	Ponts ParisTech															
Sociologie des organisations 	PAPDD	Ponts ParisTech															
Territorialisation des politiques publiques	PAPDD	Ponts ParisTech															
Acteurs et institutions du ferroviaire 	STFU	Ponts ParisTech															
Conception générale d'un système de transport 	STFU	Ponts ParisTech															
Economie appliquée au transport ferroviaire 	STFU	Ponts ParisTech															
Economie des transports 	STFU	Ponts ParisTech															
Etude de trafic et analyse de la demande	STFU	Ponts ParisTech															
Exécution du projet de transport 	STFU	Ponts ParisTech															
Exploitation et gestion des circulations	STFU	Ponts ParisTech															
Fret et logistique 	STFU	Ponts ParisTech															
Gestion de crise	STFU	Ponts ParisTech															
Infrastructure et Maintenance 	STFU	Ponts ParisTech															
Introduction à l'Exploitation 	STFU	Ponts ParisTech															
Les grands choix de génie civil 	STFU	Ponts ParisTech															
Les grands enjeux des systèmes de transports ferroviaires et guidés 	STFU	Ponts ParisTech															
Management et Transports	STFU	Ponts ParisTech															
Matériel roulant : caisse et freinage	STFU	Ponts ParisTech															
Matériel roulant : Conception générale 	STFU	Ponts ParisTech															
Matériel Roulant : Propulsion et guidage 	STFU	Ponts ParisTech															
Sécurité ferroviaire	STFU	Ponts ParisTech															
Signalisation : applic. ferroviaires & urbaines 	STFU	Ponts ParisTech															
Signalisation : concepts communs 	STFU	Ponts ParisTech															
Systèmes et sous-systèmes techniques 	STFU	Ponts ParisTech															
Transport régional & pôles d'échange	STFU	Ponts ParisTech															
Transports urbains	STFU	Ponts ParisTech															
Développement et relations Nord-Sud	ATHENS	Ponts ParisTech															
La gestion énergétique et climatique des villes durables	ATHENS	Ponts ParisTech															
On Chaos, Quanta and Daemons	ATHENS	Ponts ParisTech															
Negotiation	ATHENS	Ponts ParisTech															
Vehicular Crashworthiness	ATHENS	Ponts ParisTech															
partir à l'étranger	3A	alternatives 3A	possibilités 3A	élèves CC	élèves AST	CC	AST	Ponts ParisTech									
accord de double diplôme	étranger	3A	Ponts ParisTech														
1 an avec PFE	étranger	3A	Ponts ParisTech														
1 an sans PFE	étranger	3A	Ponts ParisTech														
1 Semestre	étranger	3A	Ponts ParisTech														
Masters Recherche	3A	alternatives 3A	possibilités 3A	élèves CC	élèves AST	CC	AST	EFD	Ponts ParisTech								
Masters Pro	3A	alternatives 3A	possibilités 3A	élèves CC	élèves AST	CC	AST	EFD	Ponts ParisTech								
MBA	3A	alternatives 3A	possibilités 3A	élèves CC	élèves AST	CC	AST	Ponts ParisTech									
Collège des ingénieurs	3A	alternatives 3A	possibilités 3A	élèves CC	élèves AST	CC	AST	Ponts ParisTech									
Ecoles ParisTech	3A	alternatives 3A	possibilités 3A	élèves CC	élèves AST	CC	AST	Ponts ParisTech									
ISAE-SUPAERO	3A	alternatives 3A	possibilités 3A	élèves CC	élèves AST	CC	AST	Ponts ParisTech									
IFP School	3A	alternatives 3A	possibilités 3A	élèves CC	élèves AST	CC	AST	Ponts ParisTech									
ENAC	3A	alternatives 3A	possibilités 3A	élèves CC	élèves AST	CC	AST	Ponts ParisTech									
INSTN	3A	alternatives 3A	possibilités 3A	élèves CC	élèves AST	CC	AST	Ponts ParisTech									
Double cursus Ponts-HEC	3A	alternatives 3A	possibilités 3A	élèves CC	élèves AST	CC	AST	Ponts ParisTech	HEC								
Master Sciences Po	3A	alternatives 3A	possibilités 3A	élèves CC	élèves AST	CC	AST	Ponts ParisTech									
Masters Spé	3A	alternatives 3A	possibilités 3A	élèves CC	élèves AST	CC	AST	EFD	Ponts ParisTech								
ENS	3A	alternatives 3A	possibilités 3A	Ponts ParisTech													
